"slope","sigma","intercept","shape","rate","maxbeta"
-7.0008230704237,0.00598778266084747,0.000168937132240976,4.93012309105569,3232.28371572827,0.00235563235196473
